homogeneity,completeness,v_measure,purity
0.9762659162228527,0.9803536244078653,0.9783055003594839,0.9392630972941853
