homogeneity,completeness,v_measure,purity
0.9783523065729355,0.9836183205267384,0.98097824644532,0.9464970105779549
